id,date,kind,counterparty,amountUsd,dueDate,paidDate,termsDays,invoiceId,sourceId
LG-0001,2025-09-03,AR,"Northwind Logistics",183000,2025-10-03,2025-11-08,30,AR-00001,ledger-ar
LG-0277,2025-09-05,AR,"Oakhurst Timber",6948,2025-10-20,2025-10-21,45,AR-00277,ledger-ar
LG-0325,2025-09-05,AP,"Kestrel Freight",106255,2025-10-20,2025-09-20,45,AP-00325,ledger-ap
LG-0145,2025-09-06,AR,"Ellery Chemical",19885,2025-10-06,2025-10-21,30,AR-00145,ledger-ar
LG-0253,2025-09-06,AR,"Larkspur Dairy",8116,2025-10-21,2025-10-19,45,AR-00253,ledger-ar
LG-0301,2025-09-06,AR,"Sturgis Bearing",6250,2025-10-06,2025-10-06,30,AR-00301,ledger-ar
LG-0349,2025-09-06,AP,"Verity Carriers",56871,2025-10-21,2025-10-21,45,AP-00349,ledger-ap
LG-0013,2025-09-07,AR,"Calder Foods",117000,2025-10-07,2025-10-31,30,AR-00013,ledger-ar
LG-0121,2025-09-07,AR,"Marrow Fabrication",32590,2025-10-22,2025-10-25,45,AR-00121,ledger-ar
LG-0217,2025-09-07,AR,"Braddock Tooling",12985,2025-10-07,2025-10-03,30,AR-00217,ledger-ar
LG-0265,2025-09-07,AR,"Crestline Motors",6203,2025-10-07,2025-10-05,30,AR-00265,ledger-ar
LG-0289,2025-09-07,AR,"Wexley Plastics",5663,2025-10-07,2025-10-03,30,AR-00289,ledger-ar
LG-0337,2025-09-07,AP,"Halden Transport",54884,2025-10-22,2025-10-20,45,AP-00337,ledger-ap
LG-0361,2025-09-07,AP,"Tallow Bay Shipping",41123,2025-10-22,2025-10-21,45,AP-00361,ledger-ap
LG-0373,2025-09-07,AP,"Prairie Steel Supply",95790,2025-10-22,2025-10-21,45,AP-00373,ledger-ap
LG-0433,2025-09-07,AP,"Sandoval Bearings",32954,2025-10-07,2025-10-10,30,AP-00433,ledger-ap
LG-0481,2025-09-07,AP,"Lumen Analytics",7968,2025-10-07,2025-10-11,30,AP-00481,ledger-ap
LG-0313,2025-09-08,AR,"Halcyon Optics",5771,2025-10-08,2025-10-08,30,AR-00313,ledger-ar
LG-0409,2025-09-08,AP,"Whitlock Components",42220,2025-10-08,2025-10-06,30,AP-00409,ledger-ap
LG-0445,2025-09-08,AP,"Grantham Facilities",24942,2025-10-08,2025-10-06,30,AP-00445,ledger-ap
LG-0457,2025-09-09,AP,"Bluepeak Energy",23893,2025-10-09,2025-09-23,30,AP-00457,ledger-ap
LG-0601,2025-09-09,AP,"Hargrave Tooling",11046,2025-10-24,2025-10-08,45,AP-00601,ledger-ap
LG-0037,2025-09-10,AR,"Attwater Group",68268,2025-10-10,2025-10-05,30,AR-00037,ledger-ar
LG-0133,2025-09-10,AR,"Thistledown Farms",29816,2025-10-25,2025-11-06,45,AR-00133,ledger-ar
LG-0505,2025-09-10,AP,"Trellis HR Systems",5517,2025-10-10,2025-10-11,30,AP-00505,ledger-ap
LG-0529,2025-09-10,AP,"Pinehurst Audit",8139,2025-10-25,2025-10-11,45,AP-00529,ledger-ap
LG-0589,2025-09-10,AP,"Cobblestone Print",4149,2025-10-10,2025-10-08,30,AP-00589,ledger-ap
LG-0025,2025-09-11,AR,"Boreal Systems",74017,2025-10-11,2025-10-09,30,AR-00025,ledger-ar
LG-0181,2025-09-11,AR,"Delmar Packaging",18595,2025-10-11,2025-10-25,30,AR-00181,ledger-ar
LG-0193,2025-09-11,AR,"Quarry Lane Metals",14596,2025-10-11,2025-10-21,30,AR-00193,ledger-ar
LG-0385,2025-09-11,AP,"Corvid Alloys",87402,2025-10-26,2025-10-24,45,AP-00385,ledger-ap
LG-0493,2025-09-11,AP,"Cindermill Cloud",12072,2025-10-11,2025-10-09,30,AP-00493,ledger-ap
LG-0061,2025-09-12,AR,"Cortland Manufacturing",49081,2025-10-27,2025-11-01,45,AR-00061,ledger-ar
LG-0109,2025-09-12,AR,"Kelvin Process",33249,2025-10-12,2025-10-15,30,AR-00109,ledger-ar
LG-0229,2025-09-12,AR,"Norwood Textiles",12809,2025-10-27,2025-11-02,45,AR-00229,ledger-ar
LG-0073,2025-09-13,AR,"Ridgeway Utilities",45437,2025-10-28,2025-11-09,45,AR-00073,ledger-ar
LG-0205,2025-09-13,AR,"Ashfield Energy",11420,2025-10-13,2025-10-11,30,AR-00205,ledger-ar
LG-0241,2025-09-13,AR,"Fenmore Aggregates",9341,2025-10-13,2025-10-14,30,AR-00241,ledger-ar
LG-0541,2025-09-13,AP,"Kavanagh Consulting",6047,2025-10-13,2025-09-28,30,AP-00541,ledger-ap
LG-0553,2025-09-13,AP,"Stonepath Insurance",14720,2025-10-13,2025-10-16,30,AP-00553,ledger-ap
LG-0613,2025-09-13,AP,"Wren Calibration",4579,2025-10-13,2025-10-13,30,AP-00613,ledger-ap
LG-0049,2025-09-14,AR,"Pell & Hardy",58476,2025-10-14,2025-10-19,30,AR-00049,ledger-ar
LG-0097,2025-09-14,AR,"Ironbridge Rail",42341,2025-10-29,2025-10-28,45,AR-00097,ledger-ar
LG-0157,2025-09-14,AR,"Vantage Precision",23764,2025-10-14,2025-10-12,30,AR-00157,ledger-ar
LG-0169,2025-09-14,AR,"Holloway Mining",16652,2025-10-14,2025-10-14,30,AR-00169,ledger-ar
LG-0469,2025-09-14,AP,"Ormsby Maintenance",15823,2025-10-14,2025-09-30,30,AP-00469,ledger-ap
LG-0565,2025-09-14,AP,"Merrick Safety",5237,2025-10-14,2025-10-14,30,AP-00565,ledger-ap
LG-0577,2025-09-14,AP,"Aldergate Packaging",17485,2025-10-14,2025-10-12,30,AP-00577,ledger-ap
LG-0085,2025-09-15,AR,"Sable Point Marine",33297,2025-10-15,2025-10-15,30,AR-00085,ledger-ar
LG-0397,2025-09-15,AP,"Dunmore Castings",60450,2025-10-15,2025-10-14,30,AP-00397,ledger-ap
LG-0421,2025-09-15,AP,"Ferris Electronics",40185,2025-10-15,2025-10-14,30,AP-00421,ledger-ap
LG-0517,2025-09-15,AP,"Radley Legal",10480,2025-10-15,2025-09-30,30,AP-00517,ledger-ap
LG-0002,2025-10-03,AR,"Northwind Logistics",192150,2025-11-02,2025-12-11,30,AR-00002,ledger-ar
LG-0110,2025-10-04,AR,"Kelvin Process",37033,2025-11-03,2025-11-03,30,AR-00110,ledger-ar
LG-0302,2025-10-04,AR,"Sturgis Bearing",5039,2025-11-03,2025-11-02,30,AR-00302,ledger-ar
LG-0314,2025-10-04,AR,"Halcyon Optics",4301,2025-11-03,2025-11-16,30,AR-00314,ledger-ar
LG-0038,2025-10-05,AR,"Attwater Group",64610,2025-11-04,2025-11-08,30,AR-00038,ledger-ar
LG-0326,2025-10-05,AP,"Kestrel Freight",107393,2025-11-19,2025-10-22,45,AP-00326,ledger-ap
LG-0026,2025-10-06,AR,"Boreal Systems",79281,2025-11-05,2025-11-10,30,AR-00026,ledger-ar
LG-0050,2025-10-06,AR,"Pell & Hardy",47123,2025-11-05,2025-11-09,30,AR-00050,ledger-ar
LG-0374,2025-10-06,AP,"Prairie Steel Supply",106215,2025-11-20,2025-11-07,45,AP-00374,ledger-ap
LG-0470,2025-10-06,AP,"Ormsby Maintenance",17252,2025-11-05,2025-11-03,30,AP-00470,ledger-ap
LG-0554,2025-10-06,AP,"Stonepath Insurance",13496,2025-11-05,2025-11-03,30,AP-00554,ledger-ap
LG-0014,2025-10-07,AR,"Calder Foods",122850,2025-11-06,2025-11-30,30,AR-00014,ledger-ar
LG-0062,2025-10-07,AR,"Cortland Manufacturing",53248,2025-11-21,2025-11-18,45,AR-00062,ledger-ar
LG-0170,2025-10-07,AR,"Holloway Mining",19119,2025-11-06,2025-11-10,30,AR-00170,ledger-ar
LG-0206,2025-10-08,AR,"Ashfield Energy",11465,2025-11-07,2025-11-07,30,AR-00206,ledger-ar
LG-0422,2025-10-08,AP,"Ferris Electronics",41473,2025-11-07,2025-11-06,30,AP-00422,ledger-ap
LG-0602,2025-10-08,AP,"Hargrave Tooling",14589,2025-11-22,2025-11-21,45,AP-00602,ledger-ap
LG-0194,2025-10-09,AR,"Quarry Lane Metals",15140,2025-11-08,2025-11-07,30,AR-00194,ledger-ar
LG-0218,2025-10-09,AR,"Braddock Tooling",13115,2025-11-08,2025-11-06,30,AR-00218,ledger-ar
LG-0266,2025-10-09,AR,"Crestline Motors",8080,2025-11-08,2025-11-15,30,AR-00266,ledger-ar
LG-0278,2025-10-09,AR,"Oakhurst Timber",6092,2025-11-23,2025-11-20,45,AR-00278,ledger-ar
LG-0434,2025-10-09,AP,"Sandoval Bearings",31714,2025-11-08,2025-11-06,30,AP-00434,ledger-ap
LG-0482,2025-10-09,AP,"Lumen Analytics",8507,2025-11-08,2025-11-06,30,AP-00482,ledger-ap
LG-0566,2025-10-09,AP,"Merrick Safety",4625,2025-11-08,2025-11-06,30,AP-00566,ledger-ap
LG-0098,2025-10-10,AR,"Ironbridge Rail",40775,2025-11-24,2025-12-01,45,AR-00098,ledger-ar
LG-0182,2025-10-10,AR,"Delmar Packaging",19192,2025-11-09,2025-11-04,30,AR-00182,ledger-ar
LG-0350,2025-10-10,AP,"Verity Carriers",50886,2025-11-24,2025-11-26,45,AP-00350,ledger-ap
LG-0362,2025-10-10,AP,"Tallow Bay Shipping",35948,2025-11-24,2025-11-24,45,AP-00362,ledger-ap
LG-0458,2025-10-10,AP,"Bluepeak Energy",23387,2025-11-09,2025-10-23,30,AP-00458,ledger-ap
LG-0614,2025-10-10,AP,"Wren Calibration",5366,2025-11-09,2025-11-09,30,AP-00614,ledger-ap
LG-0290,2025-10-11,AR,"Wexley Plastics",6568,2025-11-10,2025-11-21,30,AR-00290,ledger-ar
LG-0542,2025-10-11,AP,"Kavanagh Consulting",5978,2025-11-10,2025-11-09,30,AP-00542,ledger-ap
LG-0074,2025-10-12,AR,"Ridgeway Utilities",39834,2025-11-26,2025-11-24,45,AR-00074,ledger-ar
LG-0338,2025-10-12,AP,"Halden Transport",70112,2025-11-26,2025-11-26,45,AP-00338,ledger-ap
LG-0410,2025-10-12,AP,"Whitlock Components",49671,2025-11-11,2025-11-11,30,AP-00410,ledger-ap
LG-0494,2025-10-12,AP,"Cindermill Cloud",13332,2025-11-11,2025-11-10,30,AP-00494,ledger-ap
LG-0518,2025-10-12,AP,"Radley Legal",10204,2025-11-11,2025-11-09,30,AP-00518,ledger-ap
LG-0230,2025-10-13,AR,"Norwood Textiles",13479,2025-11-27,2025-11-27,45,AR-00230,ledger-ar
LG-0590,2025-10-13,AP,"Cobblestone Print",4006,2025-11-12,2025-11-10,30,AP-00590,ledger-ap
LG-0086,2025-10-14,AR,"Sable Point Marine",39341,2025-11-13,2025-11-13,30,AR-00086,ledger-ar
LG-0146,2025-10-14,AR,"Ellery Chemical",25949,2025-11-13,2025-11-14,30,AR-00146,ledger-ar
LG-0254,2025-10-14,AR,"Larkspur Dairy",8068,2025-11-28,2025-12-03,45,AR-00254,ledger-ar
LG-0386,2025-10-14,AP,"Corvid Alloys",77234,2025-11-28,2025-11-13,45,AP-00386,ledger-ap
LG-0530,2025-10-14,AP,"Pinehurst Audit",7004,2025-11-28,2025-11-11,45,AP-00530,ledger-ap
LG-0122,2025-10-15,AR,"Marrow Fabrication",31670,2025-11-29,2025-11-27,45,AR-00122,ledger-ar
LG-0134,2025-10-15,AR,"Thistledown Farms",27168,2025-11-29,2025-12-05,45,AR-00134,ledger-ar
LG-0158,2025-10-15,AR,"Vantage Precision",18997,2025-11-14,2025-11-11,30,AR-00158,ledger-ar
LG-0242,2025-10-15,AR,"Fenmore Aggregates",10505,2025-11-14,2025-11-19,30,AR-00242,ledger-ar
LG-0398,2025-10-15,AP,"Dunmore Castings",59980,2025-11-14,2025-11-13,30,AP-00398,ledger-ap
LG-0446,2025-10-15,AP,"Grantham Facilities",23065,2025-11-14,2025-11-12,30,AP-00446,ledger-ap
LG-0506,2025-10-15,AP,"Trellis HR Systems",5934,2025-11-14,2025-11-14,30,AP-00506,ledger-ap
LG-0578,2025-10-15,AP,"Aldergate Packaging",17203,2025-11-14,2025-11-12,30,AP-00578,ledger-ap
LG-0003,2025-11-02,AR,"Northwind Logistics",204960,2025-12-02,2026-01-08,30,AR-00003,ledger-ar
LG-0099,2025-11-03,AR,"Ironbridge Rail",45826,2025-12-18,2025-12-19,45,AR-00099,ledger-ar
LG-0279,2025-11-03,AR,"Oakhurst Timber",7816,2025-12-18,2025-12-20,45,AR-00279,ledger-ar
LG-0327,2025-11-04,AP,"Kestrel Freight",107735,2025-12-19,2025-11-19,45,AP-00327,ledger-ap
LG-0111,2025-11-05,AR,"Kelvin Process",37359,2025-12-05,2025-12-21,30,AR-00111,ledger-ar
LG-0219,2025-11-05,AR,"Braddock Tooling",14521,2025-12-05,2025-12-12,30,AR-00219,ledger-ar
LG-0291,2025-11-05,AR,"Wexley Plastics",7869,2025-12-05,2025-12-06,30,AR-00291,ledger-ar
LG-0543,2025-11-05,AP,"Kavanagh Consulting",7598,2025-12-05,2025-12-07,30,AP-00543,ledger-ap
LG-0015,2025-11-06,AR,"Calder Foods",131040,2025-12-06,2026-01-01,30,AR-00015,ledger-ar
LG-0147,2025-11-06,AR,"Ellery Chemical",23477,2025-12-06,2025-12-06,30,AR-00147,ledger-ar
LG-0315,2025-11-06,AR,"Halcyon Optics",4788,2025-12-06,2025-12-16,30,AR-00315,ledger-ar
LG-0363,2025-11-06,AP,"Tallow Bay Shipping",36307,2025-12-21,2025-12-21,45,AP-00363,ledger-ap
LG-0435,2025-11-06,AP,"Sandoval Bearings",33706,2025-12-06,2025-12-05,30,AP-00435,ledger-ap
LG-0519,2025-11-06,AP,"Radley Legal",9369,2025-12-06,2025-12-10,30,AP-00519,ledger-ap
LG-0591,2025-11-06,AP,"Cobblestone Print",3950,2025-12-06,2025-12-04,30,AP-00591,ledger-ap
LG-0603,2025-11-06,AP,"Hargrave Tooling",16347,2025-12-21,2025-12-21,45,AP-00603,ledger-ap
LG-0063,2025-11-07,AR,"Cortland Manufacturing",54742,2025-12-22,2025-12-30,45,AR-00063,ledger-ar
LG-0399,2025-11-07,AP,"Dunmore Castings",65034,2025-12-07,2025-12-09,30,AP-00399,ledger-ap
LG-0483,2025-11-07,AP,"Lumen Analytics",9742,2025-12-07,2025-12-07,30,AP-00483,ledger-ap
LG-0027,2025-11-08,AR,"Boreal Systems",74772,2025-12-08,2025-12-05,30,AR-00027,ledger-ar
LG-0051,2025-11-08,AR,"Pell & Hardy",50352,2025-12-08,2025-12-09,30,AR-00051,ledger-ar
LG-0339,2025-11-08,AP,"Halden Transport",60456,2025-12-23,2025-12-21,45,AP-00339,ledger-ap
LG-0387,2025-11-08,AP,"Corvid Alloys",92367,2025-12-23,2025-12-22,45,AP-00387,ledger-ap
LG-0447,2025-11-08,AP,"Grantham Facilities",23368,2025-12-08,2025-12-11,30,AP-00447,ledger-ap
LG-0039,2025-11-09,AR,"Attwater Group",69102,2025-12-09,2025-12-12,30,AR-00039,ledger-ar
LG-0159,2025-11-09,AR,"Vantage Precision",20950,2025-12-09,2025-12-07,30,AR-00159,ledger-ar
LG-0267,2025-11-09,AR,"Crestline Motors",8286,2025-12-09,2025-12-09,30,AR-00267,ledger-ar
LG-0351,2025-11-09,AP,"Verity Carriers",53362,2025-12-24,2025-12-23,45,AP-00351,ledger-ap
LG-0555,2025-11-09,AP,"Stonepath Insurance",15678,2025-12-09,2025-12-08,30,AP-00555,ledger-ap
LG-0075,2025-11-10,AR,"Ridgeway Utilities",55299,2025-12-25,2025-12-25,45,AR-00075,ledger-ar
LG-0087,2025-11-10,AR,"Sable Point Marine",49865,2025-12-10,2025-12-09,30,AR-00087,ledger-ar
LG-0471,2025-11-10,AP,"Ormsby Maintenance",17731,2025-12-10,2025-12-08,30,AP-00471,ledger-ap
LG-0495,2025-11-10,AP,"Cindermill Cloud",12442,2025-12-10,2025-12-08,30,AP-00495,ledger-ap
LG-0579,2025-11-10,AP,"Aldergate Packaging",19236,2025-12-10,2025-12-10,30,AP-00579,ledger-ap
LG-0123,2025-11-11,AR,"Marrow Fabrication",30023,2025-12-26,2025-12-21,45,AR-00123,ledger-ar
LG-0171,2025-11-11,AR,"Holloway Mining",23404,2025-12-11,2025-12-06,30,AR-00171,ledger-ar
LG-0207,2025-11-11,AR,"Ashfield Energy",14361,2025-12-11,2025-12-09,30,AR-00207,ledger-ar
LG-0231,2025-11-11,AR,"Norwood Textiles",12119,2025-12-26,2026-01-02,45,AR-00231,ledger-ar
LG-0567,2025-11-11,AP,"Merrick Safety",5650,2025-12-11,2025-12-13,30,AP-00567,ledger-ap
LG-0195,2025-11-12,AR,"Quarry Lane Metals",16025,2025-12-12,2025-12-20,30,AR-00195,ledger-ar
LG-0459,2025-11-12,AP,"Bluepeak Energy",22230,2025-12-12,2025-12-11,30,AP-00459,ledger-ap
LG-0183,2025-11-13,AR,"Delmar Packaging",18120,2025-12-13,2025-12-10,30,AR-00183,ledger-ar
LG-0243,2025-11-13,AR,"Fenmore Aggregates",9134,2025-12-13,2025-12-08,30,AR-00243,ledger-ar
LG-0255,2025-11-13,AR,"Larkspur Dairy",8123,2025-12-28,2025-12-27,45,AR-00255,ledger-ar
LG-0411,2025-11-13,AP,"Whitlock Components",52497,2025-12-13,2025-12-13,30,AP-00411,ledger-ap
LG-0423,2025-11-13,AP,"Ferris Electronics",47703,2025-12-13,2025-12-15,30,AP-00423,ledger-ap
LG-0135,2025-11-14,AR,"Thistledown Farms",32988,2025-12-29,2026-01-06,45,AR-00135,ledger-ar
LG-0303,2025-11-14,AR,"Sturgis Bearing",6306,2025-12-14,2025-12-26,30,AR-00303,ledger-ar
LG-0375,2025-11-14,AP,"Prairie Steel Supply",91786,2025-12-29,2025-12-31,45,AP-00375,ledger-ap
LG-0507,2025-11-14,AP,"Trellis HR Systems",7866,2025-12-14,2025-12-02,30,AP-00507,ledger-ap
LG-0531,2025-11-14,AP,"Pinehurst Audit",9184,2025-12-29,2025-12-29,45,AP-00531,ledger-ap
LG-0615,2025-11-14,AP,"Wren Calibration",5639,2025-12-14,2025-12-14,30,AP-00615,ledger-ap
LG-0004,2025-12-02,AR,"Northwind Logistics",179340,2026-01-01,2026-02-09,30,AR-00004,ledger-ar
LG-0136,2025-12-03,AR,"Thistledown Farms",29901,2026-01-17,2026-01-17,45,AR-00136,ledger-ar
LG-0172,2025-12-03,AR,"Holloway Mining",18636,2026-01-02,2025-12-31,30,AR-00172,ledger-ar
LG-0208,2025-12-03,AR,"Ashfield Energy",12535,2026-01-02,2025-12-31,30,AR-00208,ledger-ar
LG-0076,2025-12-04,AR,"Ridgeway Utilities",48826,2026-01-18,2026-01-16,45,AR-00076,ledger-ar
LG-0232,2025-12-04,AR,"Norwood Textiles",9348,2026-01-18,2026-01-16,45,AR-00232,ledger-ar
LG-0328,2025-12-04,AP,"Kestrel Freight",97076,2026-01-18,2025-12-20,45,AP-00328,ledger-ap
LG-0400,2025-12-05,AP,"Dunmore Castings",51905,2026-01-04,2025-12-22,30,AP-00400,ledger-ap
LG-0460,2025-12-05,AP,"Bluepeak Energy",19706,2026-01-04,2026-01-02,30,AP-00460,ledger-ap
LG-0016,2025-12-06,AR,"Calder Foods",114660,2026-01-05,2026-01-30,30,AR-00016,ledger-ar
LG-0028,2025-12-06,AR,"Boreal Systems",82298,2026-01-05,2025-12-31,30,AR-00028,ledger-ar
LG-0220,2025-12-06,AR,"Braddock Tooling",11211,2026-01-05,2026-01-03,30,AR-00220,ledger-ar
LG-0496,2025-12-06,AP,"Cindermill Cloud",12752,2026-01-05,2025-12-22,30,AP-00496,ledger-ap
LG-0592,2025-12-06,AP,"Cobblestone Print",3266,2026-01-05,2026-01-07,30,AP-00592,ledger-ap
LG-0112,2025-12-07,AR,"Kelvin Process",36048,2026-01-06,2026-01-20,30,AR-00112,ledger-ar
LG-0148,2025-12-07,AR,"Ellery Chemical",21228,2026-01-06,2026-01-17,30,AR-00148,ledger-ar
LG-0244,2025-12-07,AR,"Fenmore Aggregates",9323,2026-01-06,2026-01-01,30,AR-00244,ledger-ar
LG-0280,2025-12-07,AR,"Oakhurst Timber",7681,2026-01-21,2026-01-20,45,AR-00280,ledger-ar
LG-0304,2025-12-07,AR,"Sturgis Bearing",6102,2026-01-06,2026-01-13,30,AR-00304,ledger-ar
LG-0364,2025-12-07,AP,"Tallow Bay Shipping",33673,2026-01-21,2026-01-25,45,AP-00364,ledger-ap
LG-0388,2025-12-07,AP,"Corvid Alloys",70426,2026-01-21,2026-01-20,45,AP-00388,ledger-ap
LG-0040,2025-12-08,AR,"Attwater Group",50192,2026-01-07,2026-01-14,30,AR-00040,ledger-ar
LG-0352,2025-12-08,AP,"Verity Carriers",48300,2026-01-22,2026-01-22,45,AP-00352,ledger-ap
LG-0556,2025-12-08,AP,"Stonepath Insurance",12543,2026-01-07,2026-01-09,30,AP-00556,ledger-ap
LG-0052,2025-12-09,AR,"Pell & Hardy",55524,2026-01-08,2026-01-12,30,AR-00052,ledger-ar
LG-0292,2025-12-09,AR,"Wexley Plastics",5171,2026-01-08,2026-01-07,30,AR-00292,ledger-ar
LG-0316,2025-12-09,AR,"Halcyon Optics",4396,2026-01-08,2026-01-27,30,AR-00316,ledger-ar
LG-0448,2025-12-09,AP,"Grantham Facilities",21770,2026-01-08,2026-01-07,30,AP-00448,ledger-ap
LG-0568,2025-12-09,AP,"Merrick Safety",4584,2026-01-08,2026-01-08,30,AP-00568,ledger-ap
LG-0604,2025-12-09,AP,"Hargrave Tooling",12540,2026-01-23,2026-01-25,45,AP-00604,ledger-ap
LG-0088,2025-12-10,AR,"Sable Point Marine",33252,2026-01-09,2026-01-16,30,AR-00088,ledger-ar
LG-0340,2025-12-10,AP,"Halden Transport",61829,2026-01-24,2026-01-11,45,AP-00340,ledger-ap
LG-0160,2025-12-11,AR,"Vantage Precision",20487,2026-01-10,2026-01-05,30,AR-00160,ledger-ar
LG-0196,2025-12-11,AR,"Quarry Lane Metals",13737,2026-01-10,2026-01-07,30,AR-00196,ledger-ar
LG-0268,2025-12-11,AR,"Crestline Motors",7433,2026-01-10,2026-01-14,30,AR-00268,ledger-ar
LG-0376,2025-12-11,AP,"Prairie Steel Supply",89997,2026-01-25,2026-01-24,45,AP-00376,ledger-ap
LG-0436,2025-12-11,AP,"Sandoval Bearings",26897,2026-01-10,2026-01-08,30,AP-00436,ledger-ap
LG-0616,2025-12-11,AP,"Wren Calibration",5160,2026-01-10,2026-01-13,30,AP-00616,ledger-ap
LG-0184,2025-12-12,AR,"Delmar Packaging",18121,2026-01-11,2026-01-06,30,AR-00184,ledger-ar
LG-0256,2025-12-12,AR,"Larkspur Dairy",8424,2026-01-26,2026-01-31,45,AR-00256,ledger-ar
LG-0412,2025-12-12,AP,"Whitlock Components",43220,2026-01-11,2026-01-10,30,AP-00412,ledger-ap
LG-0484,2025-12-12,AP,"Lumen Analytics",8467,2026-01-11,2025-12-29,30,AP-00484,ledger-ap
LG-0508,2025-12-12,AP,"Trellis HR Systems",6030,2026-01-11,2025-12-29,30,AP-00508,ledger-ap
LG-0100,2025-12-13,AR,"Ironbridge Rail",29257,2026-01-27,2026-02-11,45,AR-00100,ledger-ar
LG-0124,2025-12-13,AR,"Marrow Fabrication",31695,2026-01-27,2026-01-25,45,AR-00124,ledger-ar
LG-0064,2025-12-14,AR,"Cortland Manufacturing",51355,2026-01-28,2026-01-28,45,AR-00064,ledger-ar
LG-0424,2025-12-14,AP,"Ferris Electronics",40054,2026-01-13,2026-01-11,30,AP-00424,ledger-ap
LG-0472,2025-12-14,AP,"Ormsby Maintenance",16257,2026-01-13,2026-01-11,30,AP-00472,ledger-ap
LG-0520,2025-12-14,AP,"Radley Legal",10253,2026-01-13,2026-01-11,30,AP-00520,ledger-ap
LG-0532,2025-12-14,AP,"Pinehurst Audit",8218,2026-01-28,2026-01-27,45,AP-00532,ledger-ap
LG-0544,2025-12-14,AP,"Kavanagh Consulting",5549,2026-01-13,2026-01-13,30,AP-00544,ledger-ap
LG-0580,2025-12-14,AP,"Aldergate Packaging",19074,2026-01-13,2026-01-13,30,AP-00580,ledger-ap
LG-0005,2026-01-01,AR,"Northwind Logistics",168360,2026-01-31,2026-03-08,30,AR-00005,ledger-ar
LG-0161,2026-01-02,AR,"Vantage Precision",22657,2026-02-01,2026-01-28,30,AR-00161,ledger-ar
LG-0329,2026-01-03,AP,"Kestrel Freight",93330,2026-02-17,2026-01-17,45,AP-00329,ledger-ap
LG-0077,2026-01-04,AR,"Ridgeway Utilities",38653,2026-02-18,2026-02-13,45,AR-00077,ledger-ar
LG-0185,2026-01-04,AR,"Delmar Packaging",12912,2026-02-03,2026-02-03,30,AR-00185,ledger-ar
LG-0245,2026-01-04,AR,"Fenmore Aggregates",8253,2026-02-03,2026-02-01,30,AR-00245,ledger-ar
LG-0257,2026-01-04,AR,"Larkspur Dairy",7427,2026-02-18,2026-02-16,45,AR-00257,ledger-ar
LG-0461,2026-01-04,AP,"Bluepeak Energy",20156,2026-02-03,2026-02-01,30,AP-00461,ledger-ap
LG-0473,2026-01-04,AP,"Ormsby Maintenance",15705,2026-02-03,2026-02-03,30,AP-00473,ledger-ap
LG-0017,2026-01-05,AR,"Calder Foods",107640,2026-02-04,2026-03-03,30,AR-00017,ledger-ar
LG-0053,2026-01-05,AR,"Pell & Hardy",43239,2026-02-04,2026-02-02,30,AR-00053,ledger-ar
LG-0065,2026-01-05,AR,"Cortland Manufacturing",36286,2026-02-19,2026-02-19,45,AR-00065,ledger-ar
LG-0209,2026-01-05,AR,"Ashfield Energy",13954,2026-02-04,2026-01-30,30,AR-00209,ledger-ar
LG-0497,2026-01-05,AP,"Cindermill Cloud",11519,2026-02-04,2026-02-04,30,AP-00497,ledger-ap
LG-0137,2026-01-06,AR,"Thistledown Farms",21266,2026-02-20,2026-02-18,45,AR-00137,ledger-ar
LG-0521,2026-01-06,AP,"Radley Legal",9186,2026-02-05,2026-02-05,30,AP-00521,ledger-ap
LG-0557,2026-01-06,AP,"Stonepath Insurance",10538,2026-02-05,2026-02-05,30,AP-00557,ledger-ap
LG-0593,2026-01-06,AP,"Cobblestone Print",3202,2026-02-05,2026-02-04,30,AP-00593,ledger-ap
LG-0101,2026-01-07,AR,"Ironbridge Rail",27377,2026-02-21,2026-03-05,45,AR-00101,ledger-ar
LG-0197,2026-01-07,AR,"Quarry Lane Metals",15039,2026-02-06,2026-02-04,30,AR-00197,ledger-ar
LG-0341,2026-01-07,AP,"Halden Transport",64551,2026-02-21,2026-02-11,45,AP-00341,ledger-ap
LG-0449,2026-01-07,AP,"Grantham Facilities",22747,2026-02-06,2026-02-06,30,AP-00449,ledger-ap
LG-0569,2026-01-07,AP,"Merrick Safety",4331,2026-02-06,2026-02-05,30,AP-00569,ledger-ap
LG-0029,2026-01-08,AR,"Boreal Systems",59200,2026-02-07,2026-02-08,30,AR-00029,ledger-ar
LG-0113,2026-01-08,AR,"Kelvin Process",34665,2026-02-07,2026-02-02,30,AR-00113,ledger-ar
LG-0149,2026-01-08,AR,"Ellery Chemical",20163,2026-02-07,2026-02-02,30,AR-00149,ledger-ar
LG-0317,2026-01-08,AR,"Halcyon Optics",4525,2026-02-07,2026-02-02,30,AR-00317,ledger-ar
LG-0413,2026-01-08,AP,"Whitlock Components",40893,2026-02-07,2026-01-21,30,AP-00413,ledger-ap
LG-0041,2026-01-09,AR,"Attwater Group",54760,2026-02-08,2026-02-03,30,AR-00041,ledger-ar
LG-0221,2026-01-09,AR,"Braddock Tooling",9649,2026-02-08,2026-02-06,30,AR-00221,ledger-ar
LG-0401,2026-01-09,AP,"Dunmore Castings",53509,2026-02-08,2026-02-08,30,AP-00401,ledger-ap
LG-0305,2026-01-10,AR,"Sturgis Bearing",4752,2026-02-09,2026-02-08,30,AR-00305,ledger-ar
LG-0437,2026-01-10,AP,"Sandoval Bearings",24092,2026-02-09,2026-02-08,30,AP-00437,ledger-ap
LG-0509,2026-01-10,AP,"Trellis HR Systems",5388,2026-02-09,2026-02-08,30,AP-00509,ledger-ap
LG-0605,2026-01-10,AP,"Hargrave Tooling",11361,2026-02-24,2026-02-24,45,AP-00605,ledger-ap
LG-0089,2026-01-11,AR,"Sable Point Marine",30349,2026-02-10,2026-02-25,30,AR-00089,ledger-ar
LG-0125,2026-01-11,AR,"Marrow Fabrication",26027,2026-02-25,2026-03-01,45,AR-00125,ledger-ar
LG-0353,2026-01-11,AP,"Verity Carriers",45678,2026-02-25,2026-02-23,45,AP-00353,ledger-ap
LG-0365,2026-01-11,AP,"Tallow Bay Shipping",30579,2026-02-25,2026-02-24,45,AP-00365,ledger-ap
LG-0377,2026-01-11,AP,"Prairie Steel Supply",88434,2026-02-25,2026-02-24,45,AP-00377,ledger-ap
LG-0533,2026-01-11,AP,"Pinehurst Audit",7245,2026-02-25,2026-02-24,45,AP-00533,ledger-ap
LG-0281,2026-01-12,AR,"Oakhurst Timber",6651,2026-02-26,2026-02-26,45,AR-00281,ledger-ar
LG-0389,2026-01-12,AP,"Corvid Alloys",78767,2026-02-26,2026-02-26,45,AP-00389,ledger-ap
LG-0425,2026-01-12,AP,"Ferris Electronics",37362,2026-02-11,2026-02-11,30,AP-00425,ledger-ap
LG-0485,2026-01-12,AP,"Lumen Analytics",7787,2026-02-11,2026-02-09,30,AP-00485,ledger-ap
LG-0545,2026-01-12,AP,"Kavanagh Consulting",5068,2026-02-11,2026-01-31,30,AP-00545,ledger-ap
LG-0617,2026-01-12,AP,"Wren Calibration",4580,2026-02-11,2026-02-11,30,AP-00617,ledger-ap
LG-0173,2026-01-13,AR,"Holloway Mining",20178,2026-02-12,2026-02-08,30,AR-00173,ledger-ar
LG-0233,2026-01-13,AR,"Norwood Textiles",9896,2026-02-27,2026-02-23,45,AR-00233,ledger-ar
LG-0269,2026-01-13,AR,"Crestline Motors",7893,2026-02-12,2026-02-11,30,AR-00269,ledger-ar
LG-0293,2026-01-13,AR,"Wexley Plastics",5702,2026-02-12,2026-02-13,30,AR-00293,ledger-ar
LG-0581,2026-01-13,AP,"Aldergate Packaging",17840,2026-02-12,2026-02-10,30,AP-00581,ledger-ap
LG-0006,2026-01-31,AR,"Northwind Logistics",161040,2026-03-02,2026-04-10,30,AR-00006,ledger-ar
LG-0162,2026-02-01,AR,"Vantage Precision",22424,2026-03-03,2026-02-26,30,AR-00162,ledger-ar
LG-0282,2026-02-01,AR,"Oakhurst Timber",6280,2026-03-18,2026-04-02,45,AR-00282,ledger-ar
LG-0042,2026-02-02,AR,"Attwater Group",62113,2026-03-04,2026-03-04,30,AR-00042,ledger-ar
LG-0330,2026-02-02,AP,"Kestrel Freight",97325,2026-03-19,2026-02-19,45,AP-00330,ledger-ap
LG-0090,2026-02-03,AR,"Sable Point Marine",38364,2026-03-05,2026-03-01,30,AR-00090,ledger-ar
LG-0138,2026-02-03,AR,"Thistledown Farms",20622,2026-03-20,2026-03-15,45,AR-00138,ledger-ar
LG-0186,2026-02-03,AR,"Delmar Packaging",14765,2026-03-05,2026-03-09,30,AR-00186,ledger-ar
LG-0342,2026-02-03,AP,"Halden Transport",58679,2026-03-20,2026-03-20,45,AP-00342,ledger-ap
LG-0534,2026-02-03,AP,"Pinehurst Audit",6580,2026-03-20,2026-03-03,45,AP-00534,ledger-ap
LG-0606,2026-02-03,AP,"Hargrave Tooling",10052,2026-03-20,2026-03-23,45,AP-00606,ledger-ap
LG-0018,2026-02-04,AR,"Calder Foods",102960,2026-03-06,2026-03-31,30,AR-00018,ledger-ar
LG-0126,2026-02-04,AR,"Marrow Fabrication",27738,2026-03-21,2026-03-22,45,AR-00126,ledger-ar
LG-0174,2026-02-04,AR,"Holloway Mining",19094,2026-03-06,2026-03-11,30,AR-00174,ledger-ar
LG-0198,2026-02-04,AR,"Quarry Lane Metals",14939,2026-03-06,2026-03-20,30,AR-00198,ledger-ar
LG-0270,2026-02-04,AR,"Crestline Motors",6751,2026-03-06,2026-03-06,30,AR-00270,ledger-ar
LG-0294,2026-02-04,AR,"Wexley Plastics",6035,2026-03-06,2026-03-05,30,AR-00294,ledger-ar
LG-0402,2026-02-04,AP,"Dunmore Castings",48844,2026-03-06,2026-03-04,30,AP-00402,ledger-ap
LG-0522,2026-02-04,AP,"Radley Legal",9673,2026-03-06,2026-03-05,30,AP-00522,ledger-ap
LG-0546,2026-02-04,AP,"Kavanagh Consulting",4717,2026-03-06,2026-02-17,30,AP-00546,ledger-ap
LG-0594,2026-02-04,AP,"Cobblestone Print",3737,2026-03-06,2026-03-05,30,AP-00594,ledger-ap
LG-0210,2026-02-05,AR,"Ashfield Energy",9967,2026-03-07,2026-03-06,30,AR-00210,ledger-ar
LG-0390,2026-02-05,AP,"Corvid Alloys",64030,2026-03-22,2026-03-24,45,AP-00390,ledger-ap
LG-0414,2026-02-05,AP,"Whitlock Components",42496,2026-03-07,2026-03-05,30,AP-00414,ledger-ap
LG-0450,2026-02-05,AP,"Grantham Facilities",23690,2026-03-07,2026-03-07,30,AP-00450,ledger-ap
LG-0030,2026-02-06,AR,"Boreal Systems",75266,2026-03-08,2026-03-07,30,AR-00030,ledger-ar
LG-0150,2026-02-06,AR,"Ellery Chemical",24695,2026-03-08,2026-03-14,30,AR-00150,ledger-ar
LG-0222,2026-02-06,AR,"Braddock Tooling",10404,2026-03-08,2026-03-17,30,AR-00222,ledger-ar
LG-0582,2026-02-06,AP,"Aldergate Packaging",15327,2026-03-08,2026-03-06,30,AP-00582,ledger-ap
LG-0054,2026-02-07,AR,"Pell & Hardy",44345,2026-03-09,2026-03-08,30,AR-00054,ledger-ar
LG-0234,2026-02-07,AR,"Norwood Textiles",8568,2026-03-24,2026-03-23,45,AR-00234,ledger-ar
LG-0426,2026-02-07,AP,"Ferris Electronics",30961,2026-03-09,2026-03-09,30,AP-00426,ledger-ap
LG-0510,2026-02-07,AP,"Trellis HR Systems",5872,2026-03-09,2026-03-09,30,AP-00510,ledger-ap
LG-0102,2026-02-08,AR,"Ironbridge Rail",30082,2026-03-25,2026-03-25,45,AR-00102,ledger-ar
LG-0354,2026-02-08,AP,"Verity Carriers",50671,2026-03-25,2026-03-24,45,AP-00354,ledger-ap
LG-0258,2026-02-09,AR,"Larkspur Dairy",8446,2026-03-26,2026-03-30,45,AR-00258,ledger-ar
LG-0306,2026-02-09,AR,"Sturgis Bearing",4739,2026-03-11,2026-03-14,30,AR-00306,ledger-ar
LG-0318,2026-02-09,AR,"Halcyon Optics",4124,2026-03-11,2026-03-17,30,AR-00318,ledger-ar
LG-0366,2026-02-09,AP,"Tallow Bay Shipping",31056,2026-03-26,2026-03-25,45,AP-00366,ledger-ap
LG-0438,2026-02-09,AP,"Sandoval Bearings",23592,2026-03-11,2026-03-15,30,AP-00438,ledger-ap
LG-0498,2026-02-09,AP,"Cindermill Cloud",11339,2026-03-11,2026-03-09,30,AP-00498,ledger-ap
LG-0570,2026-02-09,AP,"Merrick Safety",3784,2026-03-11,2026-03-11,30,AP-00570,ledger-ap
LG-0618,2026-02-09,AP,"Wren Calibration",4887,2026-03-11,2026-03-11,30,AP-00618,ledger-ap
LG-0078,2026-02-11,AR,"Ridgeway Utilities",43567,2026-03-28,2026-04-16,45,AR-00078,ledger-ar
LG-0378,2026-02-11,AP,"Prairie Steel Supply",77144,2026-03-28,2026-03-27,45,AP-00378,ledger-ap
LG-0066,2026-02-12,AR,"Cortland Manufacturing",44853,2026-03-29,2026-03-28,45,AR-00066,ledger-ar
LG-0114,2026-02-12,AR,"Kelvin Process",31992,2026-03-14,2026-03-13,30,AR-00114,ledger-ar
LG-0246,2026-02-12,AR,"Fenmore Aggregates",7704,2026-03-14,2026-03-12,30,AR-00246,ledger-ar
LG-0462,2026-02-12,AP,"Bluepeak Energy",17307,2026-03-14,2026-03-12,30,AP-00462,ledger-ap
LG-0474,2026-02-12,AP,"Ormsby Maintenance",12624,2026-03-14,2026-03-12,30,AP-00474,ledger-ap
LG-0486,2026-02-12,AP,"Lumen Analytics",6335,2026-03-14,2026-03-14,30,AP-00486,ledger-ap
LG-0558,2026-02-12,AP,"Stonepath Insurance",11234,2026-03-14,2026-03-15,30,AP-00558,ledger-ap
LG-0007,2026-03-02,AR,"Northwind Logistics",173850,2026-04-01,2026-05-08,30,AR-00007,ledger-ar
LG-0079,2026-03-03,AR,"Ridgeway Utilities",35048,2026-04-17,2026-04-20,45,AR-00079,ledger-ar
LG-0199,2026-03-03,AR,"Quarry Lane Metals",15478,2026-04-02,2026-03-29,30,AR-00199,ledger-ar
LG-0211,2026-03-03,AR,"Ashfield Energy",12983,2026-04-02,2026-03-31,30,AR-00211,ledger-ar
LG-0067,2026-03-04,AR,"Cortland Manufacturing",50521,2026-04-18,2026-04-25,45,AR-00067,ledger-ar
LG-0307,2026-03-04,AR,"Sturgis Bearing",5452,2026-04-03,2026-04-01,30,AR-00307,ledger-ar
LG-0331,2026-03-04,AP,"Kestrel Freight",99700,2026-04-18,2026-03-18,45,AP-00331,ledger-ap
LG-0151,2026-03-05,AR,"Ellery Chemical",25777,2026-04-04,2026-04-13,30,AR-00151,ledger-ar
LG-0235,2026-03-05,AR,"Norwood Textiles",12164,2026-04-19,2026-04-17,45,AR-00235,ledger-ar
LG-0523,2026-03-05,AP,"Radley Legal",8993,2026-04-04,2026-04-02,30,AP-00523,ledger-ap
LG-0571,2026-03-05,AP,"Merrick Safety",4268,2026-04-04,2026-04-03,30,AP-00571,ledger-ap
LG-0019,2026-03-06,AR,"Calder Foods",111150,2026-04-05,2026-04-29,30,AR-00019,ledger-ar
LG-0403,2026-03-06,AP,"Dunmore Castings",49456,2026-04-05,2026-04-05,30,AP-00403,ledger-ap
LG-0547,2026-03-06,AP,"Kavanagh Consulting",5251,2026-04-05,2026-04-04,30,AP-00547,ledger-ap
LG-0259,2026-03-07,AR,"Larkspur Dairy",7152,2026-04-21,2026-05-09,45,AR-00259,ledger-ar
LG-0271,2026-03-07,AR,"Crestline Motors",7362,2026-04-06,2026-04-04,30,AR-00271,ledger-ar
LG-0283,2026-03-07,AR,"Oakhurst Timber",7484,2026-04-21,2026-04-24,45,AR-00283,ledger-ar
LG-0355,2026-03-07,AP,"Verity Carriers",52394,2026-04-21,2026-04-21,45,AP-00355,ledger-ap
LG-0379,2026-03-07,AP,"Prairie Steel Supply",84415,2026-04-21,2026-04-11,45,AP-00379,ledger-ap
LG-0511,2026-03-07,AP,"Trellis HR Systems",5859,2026-04-06,2026-04-10,30,AP-00511,ledger-ap
LG-0595,2026-03-07,AP,"Cobblestone Print",3282,2026-04-06,2026-04-04,30,AP-00595,ledger-ap
LG-0295,2026-03-08,AR,"Wexley Plastics",5785,2026-04-07,2026-04-07,30,AR-00295,ledger-ar
LG-0343,2026-03-08,AP,"Halden Transport",61593,2026-04-22,2026-04-21,45,AP-00343,ledger-ap
LG-0427,2026-03-08,AP,"Ferris Electronics",41981,2026-04-07,2026-04-06,30,AP-00427,ledger-ap
LG-0487,2026-03-08,AP,"Lumen Analytics",8273,2026-04-07,2026-04-06,30,AP-00487,ledger-ap
LG-0043,2026-03-09,AR,"Attwater Group",61895,2026-04-08,2026-04-08,30,AR-00043,ledger-ar
LG-0127,2026-03-09,AR,"Marrow Fabrication",24216,2026-04-23,2026-04-22,45,AR-00127,ledger-ar
LG-0163,2026-03-09,AR,"Vantage Precision",22219,2026-04-08,2026-04-05,30,AR-00163,ledger-ar
LG-0247,2026-03-09,AR,"Fenmore Aggregates",9774,2026-04-08,2026-04-06,30,AR-00247,ledger-ar
LG-0415,2026-03-09,AP,"Whitlock Components",47342,2026-04-08,2026-04-06,30,AP-00415,ledger-ap
LG-0463,2026-03-09,AP,"Bluepeak Energy",19213,2026-04-08,2026-04-06,30,AP-00463,ledger-ap
LG-0607,2026-03-09,AP,"Hargrave Tooling",13818,2026-04-23,2026-04-23,45,AP-00607,ledger-ap
LG-0115,2026-03-10,AR,"Kelvin Process",27169,2026-04-09,2026-04-21,30,AR-00115,ledger-ar
LG-0223,2026-03-10,AR,"Braddock Tooling",10558,2026-04-09,2026-04-05,30,AR-00223,ledger-ar
LG-0499,2026-03-10,AP,"Cindermill Cloud",11248,2026-04-09,2026-04-08,30,AP-00499,ledger-ap
LG-0031,2026-03-11,AR,"Boreal Systems",77522,2026-04-10,2026-04-25,30,AR-00031,ledger-ar
LG-0055,2026-03-11,AR,"Pell & Hardy",55712,2026-04-10,2026-04-07,30,AR-00055,ledger-ar
LG-0175,2026-03-11,AR,"Holloway Mining",15783,2026-04-10,2026-04-22,30,AR-00175,ledger-ar
LG-0187,2026-03-11,AR,"Delmar Packaging",18774,2026-04-10,2026-04-17,30,AR-00187,ledger-ar
LG-0535,2026-03-11,AP,"Pinehurst Audit",6502,2026-04-25,2026-04-25,45,AP-00535,ledger-ap
LG-0091,2026-03-12,AR,"Sable Point Marine",33028,2026-04-11,2026-04-10,30,AR-00091,ledger-ar
LG-0319,2026-03-12,AR,"Halcyon Optics",4257,2026-04-11,2026-04-15,30,AR-00319,ledger-ar
LG-0367,2026-03-12,AP,"Tallow Bay Shipping",36474,2026-04-26,2026-04-24,45,AP-00367,ledger-ap
LG-0391,2026-03-12,AP,"Corvid Alloys",67019,2026-04-26,2026-04-27,45,AP-00391,ledger-ap
LG-0103,2026-03-13,AR,"Ironbridge Rail",39003,2026-04-27,2026-04-29,45,AR-00103,ledger-ar
LG-0451,2026-03-13,AP,"Grantham Facilities",23802,2026-04-12,2026-04-12,30,AP-00451,ledger-ap
LG-0475,2026-03-13,AP,"Ormsby Maintenance",16205,2026-04-12,2026-03-28,30,AP-00475,ledger-ap
LG-0583,2026-03-13,AP,"Aldergate Packaging",16245,2026-04-12,2026-04-10,30,AP-00583,ledger-ap
LG-0619,2026-03-13,AP,"Wren Calibration",5641,2026-04-12,2026-04-12,30,AP-00619,ledger-ap
LG-0139,2026-03-14,AR,"Thistledown Farms",25325,2026-04-28,2026-04-28,45,AR-00139,ledger-ar
LG-0439,2026-03-14,AP,"Sandoval Bearings",26667,2026-04-13,2026-04-13,30,AP-00439,ledger-ap
LG-0559,2026-03-14,AP,"Stonepath Insurance",11771,2026-04-13,2026-04-12,30,AP-00559,ledger-ap
LG-0008,2026-04-01,AR,"Northwind Logistics",197640,2026-05-01,2026-06-07,30,AR-00008,ledger-ar
LG-0284,2026-04-02,AR,"Oakhurst Timber",6573,2026-05-17,2026-05-16,45,AR-00284,ledger-ar
LG-0068,2026-04-03,AR,"Cortland Manufacturing",54785,2026-05-18,2026-05-16,45,AR-00068,ledger-ar
LG-0140,2026-04-03,AR,"Thistledown Farms",31742,2026-05-18,2026-05-14,45,AR-00140,ledger-ar
LG-0260,2026-04-03,AR,"Larkspur Dairy",7624,2026-05-18,2026-05-15,45,AR-00260,ledger-ar
LG-0332,2026-04-03,AP,"Kestrel Freight",112114,2026-05-18,2026-04-20,45,AP-00332,ledger-ap
LG-0308,2026-04-04,AR,"Sturgis Bearing",5886,2026-05-04,2026-05-01,30,AR-00308,ledger-ar
LG-0344,2026-04-04,AP,"Halden Transport",66326,2026-05-19,2026-05-23,45,AP-00344,ledger-ap
LG-0500,2026-04-04,AP,"Cindermill Cloud",13870,2026-05-04,2026-05-03,30,AP-00500,ledger-ap
LG-0608,2026-04-04,AP,"Hargrave Tooling",12035,2026-05-19,2026-05-17,45,AP-00608,ledger-ap
LG-0620,2026-04-04,AP,"Wren Calibration",5252,2026-05-04,2026-05-03,30,AP-00620,ledger-ap
LG-0020,2026-04-05,AR,"Calder Foods",126360,2026-05-05,2026-05-30,30,AR-00020,ledger-ar
LG-0152,2026-04-05,AR,"Ellery Chemical",26733,2026-05-05,2026-05-08,30,AR-00152,ledger-ar
LG-0212,2026-04-05,AR,"Ashfield Energy",16072,2026-05-05,2026-05-01,30,AR-00212,ledger-ar
LG-0296,2026-04-05,AR,"Wexley Plastics",5735,2026-05-05,2026-05-04,30,AR-00296,ledger-ar
LG-0116,2026-04-06,AR,"Kelvin Process",36525,2026-05-06,2026-05-06,30,AR-00116,ledger-ar
LG-0368,2026-04-06,AP,"Tallow Bay Shipping",44624,2026-05-21,2026-05-21,45,AP-00368,ledger-ap
LG-0464,2026-04-06,AP,"Bluepeak Energy",26029,2026-05-06,2026-05-06,30,AP-00464,ledger-ap
LG-0476,2026-04-06,AP,"Ormsby Maintenance",17448,2026-05-06,2026-05-04,30,AP-00476,ledger-ap
LG-0560,2026-04-06,AP,"Stonepath Insurance",16080,2026-05-06,2026-05-09,30,AP-00560,ledger-ap
LG-0224,2026-04-07,AR,"Braddock Tooling",12028,2026-05-07,2026-05-06,30,AR-00224,ledger-ar
LG-0248,2026-04-07,AR,"Fenmore Aggregates",8893,2026-05-07,2026-05-17,30,AR-00248,ledger-ar
LG-0272,2026-04-07,AR,"Crestline Motors",8864,2026-05-07,2026-05-02,30,AR-00272,ledger-ar
LG-0488,2026-04-07,AP,"Lumen Analytics",9017,2026-05-07,2026-05-06,30,AP-00488,ledger-ap
LG-0512,2026-04-07,AP,"Trellis HR Systems",6483,2026-05-07,2026-05-07,30,AP-00512,ledger-ap
LG-0164,2026-04-08,AR,"Vantage Precision",21810,2026-05-08,2026-05-08,30,AR-00164,ledger-ar
LG-0176,2026-04-08,AR,"Holloway Mining",18215,2026-05-08,2026-05-10,30,AR-00176,ledger-ar
LG-0428,2026-04-08,AP,"Ferris Electronics",49619,2026-05-08,2026-05-11,30,AP-00428,ledger-ap
LG-0548,2026-04-08,AP,"Kavanagh Consulting",6916,2026-05-08,2026-05-11,30,AP-00548,ledger-ap
LG-0056,2026-04-09,AR,"Pell & Hardy",49419,2026-05-09,2026-05-05,30,AR-00056,ledger-ar
LG-0104,2026-04-09,AR,"Ironbridge Rail",44666,2026-05-24,2026-05-29,45,AR-00104,ledger-ar
LG-0380,2026-04-09,AP,"Prairie Steel Supply",94115,2026-05-24,2026-05-22,45,AP-00380,ledger-ap
LG-0452,2026-04-09,AP,"Grantham Facilities",27413,2026-05-09,2026-05-12,30,AP-00452,ledger-ap
LG-0536,2026-04-09,AP,"Pinehurst Audit",7408,2026-05-24,2026-05-08,45,AP-00536,ledger-ap
LG-0032,2026-04-10,AR,"Boreal Systems",79080,2026-05-10,2026-05-10,30,AR-00032,ledger-ar
LG-0044,2026-04-10,AR,"Attwater Group",71598,2026-05-10,2026-05-09,30,AR-00044,ledger-ar
LG-0080,2026-04-10,AR,"Ridgeway Utilities",45799,2026-05-25,2026-05-20,45,AR-00080,ledger-ar
LG-0092,2026-04-10,AR,"Sable Point Marine",42842,2026-05-10,2026-05-06,30,AR-00092,ledger-ar
LG-0128,2026-04-10,AR,"Marrow Fabrication",26798,2026-05-25,2026-06-03,45,AR-00128,ledger-ar
LG-0320,2026-04-10,AR,"Halcyon Optics",5588,2026-05-10,2026-05-06,30,AR-00320,ledger-ar
LG-0392,2026-04-10,AP,"Corvid Alloys",87131,2026-05-25,2026-05-24,45,AP-00392,ledger-ap
LG-0416,2026-04-10,AP,"Whitlock Components",52518,2026-05-10,2026-05-14,30,AP-00416,ledger-ap
LG-0188,2026-04-11,AR,"Delmar Packaging",16267,2026-05-11,2026-05-09,30,AR-00188,ledger-ar
LG-0200,2026-04-11,AR,"Quarry Lane Metals",14216,2026-05-11,2026-05-20,30,AR-00200,ledger-ar
LG-0236,2026-04-11,AR,"Norwood Textiles",11564,2026-05-26,2026-05-24,45,AR-00236,ledger-ar
LG-0572,2026-04-11,AP,"Merrick Safety",5127,2026-05-11,2026-05-11,30,AP-00572,ledger-ap
LG-0524,2026-04-12,AP,"Radley Legal",9247,2026-05-12,2026-05-16,30,AP-00524,ledger-ap
LG-0584,2026-04-12,AP,"Aldergate Packaging",18056,2026-05-12,2026-04-27,30,AP-00584,ledger-ap
LG-0356,2026-04-13,AP,"Verity Carriers",49359,2026-05-28,2026-05-28,45,AP-00356,ledger-ap
LG-0404,2026-04-13,AP,"Dunmore Castings",58775,2026-05-13,2026-05-11,30,AP-00404,ledger-ap
LG-0440,2026-04-13,AP,"Sandoval Bearings",33016,2026-05-13,2026-05-13,30,AP-00440,ledger-ap
LG-0596,2026-04-13,AP,"Cobblestone Print",3988,2026-05-13,2026-05-11,30,AP-00596,ledger-ap
LG-0009,2026-05-01,AR,"Northwind Logistics",215940,2026-05-31,2026-07-07,30,AR-00009,ledger-ar
LG-0285,2026-05-02,AR,"Oakhurst Timber",9133,2026-06-16,2026-06-28,45,AR-00285,ledger-ar
LG-0093,2026-05-03,AR,"Sable Point Marine",40733,2026-06-02,2026-05-29,30,AR-00093,ledger-ar
LG-0321,2026-05-03,AR,"Halcyon Optics",6370,2026-06-02,2026-06-06,30,AR-00321,ledger-ar
LG-0333,2026-05-03,AP,"Kestrel Freight",129414,2026-06-17,2026-05-20,45,AP-00333,ledger-ap
LG-0129,2026-05-04,AR,"Marrow Fabrication",35312,2026-06-18,2026-06-15,45,AR-00129,ledger-ar
LG-0273,2026-05-04,AR,"Crestline Motors",8633,2026-06-03,2026-06-04,30,AR-00273,ledger-ar
LG-0417,2026-05-04,AP,"Whitlock Components",48772,2026-06-03,2026-06-01,30,AP-00417,ledger-ap
LG-0453,2026-05-04,AP,"Grantham Facilities",30554,2026-06-03,2026-06-03,30,AP-00453,ledger-ap
LG-0477,2026-05-04,AP,"Ormsby Maintenance",19054,2026-06-03,2026-06-02,30,AP-00477,ledger-ap
LG-0489,2026-05-04,AP,"Lumen Analytics",9579,2026-06-03,2026-06-03,30,AP-00489,ledger-ap
LG-0513,2026-05-04,AP,"Trellis HR Systems",7162,2026-06-03,2026-06-03,30,AP-00513,ledger-ap
LG-0561,2026-05-04,AP,"Stonepath Insurance",14135,2026-06-03,2026-06-03,30,AP-00561,ledger-ap
LG-0021,2026-05-05,AR,"Calder Foods",138060,2026-06-04,2026-06-30,30,AR-00021,ledger-ar
LG-0153,2026-05-05,AR,"Ellery Chemical",26560,2026-06-04,2026-06-01,30,AR-00153,ledger-ar
LG-0225,2026-05-05,AR,"Braddock Tooling",12866,2026-06-04,2026-05-31,30,AR-00225,ledger-ar
LG-0249,2026-05-05,AR,"Fenmore Aggregates",10874,2026-06-04,2026-06-04,30,AR-00249,ledger-ar
LG-0081,2026-05-06,AR,"Ridgeway Utilities",55526,2026-06-20,2026-06-22,45,AR-00081,ledger-ar
LG-0177,2026-05-06,AR,"Holloway Mining",25559,2026-06-05,2026-06-05,30,AR-00177,ledger-ar
LG-0201,2026-05-06,AR,"Quarry Lane Metals",20637,2026-06-05,2026-06-04,30,AR-00201,ledger-ar
LG-0297,2026-05-06,AR,"Wexley Plastics",6362,2026-06-05,2026-06-07,30,AR-00297,ledger-ar
LG-0381,2026-05-06,AP,"Prairie Steel Supply",120757,2026-06-20,2026-06-18,45,AP-00381,ledger-ap
LG-0441,2026-05-06,AP,"Sandoval Bearings",37778,2026-06-05,2026-06-03,30,AP-00441,ledger-ap
LG-0045,2026-05-07,AR,"Attwater Group",73476,2026-06-06,2026-06-04,30,AR-00045,ledger-ar
LG-0057,2026-05-07,AR,"Pell & Hardy",52787,2026-06-06,2026-06-01,30,AR-00057,ledger-ar
LG-0537,2026-05-07,AP,"Pinehurst Audit",8669,2026-06-21,2026-06-20,45,AP-00537,ledger-ap
LG-0105,2026-05-08,AR,"Ironbridge Rail",36207,2026-06-22,2026-06-23,45,AR-00105,ledger-ar
LG-0141,2026-05-08,AR,"Thistledown Farms",25600,2026-06-22,2026-06-22,45,AR-00141,ledger-ar
LG-0261,2026-05-08,AR,"Larkspur Dairy",10311,2026-06-22,2026-06-22,45,AR-00261,ledger-ar
LG-0573,2026-05-08,AP,"Merrick Safety",5609,2026-06-07,2026-06-05,30,AP-00573,ledger-ap
LG-0237,2026-05-09,AR,"Norwood Textiles",13903,2026-06-23,2026-06-26,45,AR-00237,ledger-ar
LG-0357,2026-05-09,AP,"Verity Carriers",65647,2026-06-23,2026-06-22,45,AP-00357,ledger-ap
LG-0501,2026-05-09,AP,"Cindermill Cloud",12426,2026-06-08,2026-06-07,30,AP-00501,ledger-ap
LG-0069,2026-05-10,AR,"Cortland Manufacturing",65841,2026-06-24,2026-06-23,45,AR-00069,ledger-ar
LG-0117,2026-05-10,AR,"Kelvin Process",37819,2026-06-09,2026-06-15,30,AR-00117,ledger-ar
LG-0369,2026-05-10,AP,"Tallow Bay Shipping",51037,2026-06-24,2026-06-22,45,AP-00369,ledger-ap
LG-0405,2026-05-10,AP,"Dunmore Castings",55423,2026-06-09,2026-06-08,30,AP-00405,ledger-ap
LG-0465,2026-05-10,AP,"Bluepeak Energy",25088,2026-06-09,2026-06-07,30,AP-00465,ledger-ap
LG-0213,2026-05-11,AR,"Ashfield Energy",17372,2026-06-10,2026-06-08,30,AR-00213,ledger-ar
LG-0549,2026-05-11,AP,"Kavanagh Consulting",7635,2026-06-10,2026-06-10,30,AP-00549,ledger-ap
LG-0585,2026-05-11,AP,"Aldergate Packaging",22394,2026-06-10,2026-06-08,30,AP-00585,ledger-ap
LG-0609,2026-05-11,AP,"Hargrave Tooling",12857,2026-06-25,2026-06-10,45,AP-00609,ledger-ap
LG-0621,2026-05-11,AP,"Wren Calibration",6434,2026-06-10,2026-06-09,30,AP-00621,ledger-ap
LG-0309,2026-05-12,AR,"Sturgis Bearing",6685,2026-06-11,2026-06-10,30,AR-00309,ledger-ar
LG-0345,2026-05-12,AP,"Halden Transport",71968,2026-06-26,2026-06-30,45,AP-00345,ledger-ap
LG-0525,2026-05-12,AP,"Radley Legal",12179,2026-06-11,2026-06-11,30,AP-00525,ledger-ap
LG-0033,2026-05-13,AR,"Boreal Systems",76592,2026-06-12,2026-07-01,30,AR-00033,ledger-ar
LG-0165,2026-05-13,AR,"Vantage Precision",22759,2026-06-12,2026-06-12,30,AR-00165,ledger-ar
LG-0189,2026-05-13,AR,"Delmar Packaging",18436,2026-06-12,2026-06-21,30,AR-00189,ledger-ar
LG-0393,2026-05-13,AP,"Corvid Alloys",86687,2026-06-27,2026-06-25,45,AP-00393,ledger-ap
LG-0429,2026-05-13,AP,"Ferris Electronics",45681,2026-06-12,2026-06-11,30,AP-00429,ledger-ap
LG-0597,2026-05-13,AP,"Cobblestone Print",4824,2026-06-12,2026-06-11,30,AP-00597,ledger-ap
LG-0010,2026-05-31,AR,"Northwind Logistics",210450,2026-06-30,2026-08-04,30,AR-00010,ledger-ar
LG-0082,2026-06-01,AR,"Ridgeway Utilities",49219,2026-07-16,2026-08-02,45,AR-00082,ledger-ar
LG-0190,2026-06-01,AR,"Delmar Packaging",18776,2026-07-01,2026-07-04,30,AR-00190,ledger-ar
LG-0214,2026-06-02,AR,"Ashfield Energy",16449,2026-07-02,2026-06-30,30,AR-00214,ledger-ar
LG-0334,2026-06-02,AP,"Kestrel Freight",108820,2026-07-17,2026-06-17,45,AP-00334,ledger-ap
LG-0286,2026-06-03,AR,"Oakhurst Timber",9128,2026-07-18,2026-07-23,45,AR-00286,ledger-ar
LG-0310,2026-06-03,AR,"Sturgis Bearing",5201,2026-07-03,2026-07-14,30,AR-00310,ledger-ar
LG-0370,2026-06-03,AP,"Tallow Bay Shipping",47826,2026-07-18,2026-07-18,45,AP-00370,ledger-ap
LG-0610,2026-06-03,AP,"Hargrave Tooling",15874,2026-07-18,2026-07-18,45,AP-00610,ledger-ap
LG-0022,2026-06-04,AR,"Calder Foods",134550,2026-07-04,2026-07-28,30,AR-00022,ledger-ar
LG-0262,2026-06-04,AR,"Larkspur Dairy",9693,2026-07-19,2026-07-18,45,AR-00262,ledger-ar
LG-0550,2026-06-04,AP,"Kavanagh Consulting",6564,2026-07-04,2026-07-04,30,AP-00550,ledger-ap
LG-0106,2026-06-05,AR,"Ironbridge Rail",43888,2026-07-20,2026-07-26,45,AR-00106,ledger-ar
LG-0118,2026-06-05,AR,"Kelvin Process",42804,2026-07-05,2026-07-05,30,AR-00118,ledger-ar
LG-0130,2026-06-05,AR,"Marrow Fabrication",32171,2026-07-20,2026-07-17,45,AR-00130,ledger-ar
LG-0166,2026-06-05,AR,"Vantage Precision",21163,2026-07-05,2026-07-02,30,AR-00166,ledger-ar
LG-0358,2026-06-05,AP,"Verity Carriers",59732,2026-07-20,2026-07-18,45,AP-00358,ledger-ap
LG-0394,2026-06-05,AP,"Corvid Alloys",79398,2026-07-20,2026-07-20,45,AP-00394,ledger-ap
LG-0502,2026-06-05,AP,"Cindermill Cloud",11450,2026-07-05,2026-07-05,30,AP-00502,ledger-ap
LG-0598,2026-06-05,AP,"Cobblestone Print",5129,2026-07-05,2026-07-05,30,AP-00598,ledger-ap
LG-0622,2026-06-05,AP,"Wren Calibration",6514,2026-07-05,2026-07-05,30,AP-00622,ledger-ap
LG-0034,2026-06-06,AR,"Boreal Systems",85572,2026-07-06,2026-07-03,30,AR-00034,ledger-ar
LG-0046,2026-06-06,AR,"Attwater Group",68600,2026-07-06,2026-07-01,30,AR-00046,ledger-ar
LG-0274,2026-06-06,AR,"Crestline Motors",9889,2026-07-06,2026-07-02,30,AR-00274,ledger-ar
LG-0454,2026-06-06,AP,"Grantham Facilities",29003,2026-07-06,2026-07-10,30,AP-00454,ledger-ap
LG-0466,2026-06-06,AP,"Bluepeak Energy",24785,2026-07-06,2026-07-08,30,AP-00466,ledger-ap
LG-0490,2026-06-06,AP,"Lumen Analytics",9529,2026-07-06,2026-07-05,30,AP-00490,ledger-ap
LG-0526,2026-06-06,AP,"Radley Legal",11529,2026-07-06,2026-07-05,30,AP-00526,ledger-ap
LG-0574,2026-06-06,AP,"Merrick Safety",5137,2026-07-06,2026-07-05,30,AP-00574,ledger-ap
LG-0070,2026-06-07,AR,"Cortland Manufacturing",46850,2026-07-22,2026-07-19,45,AR-00070,ledger-ar
LG-0142,2026-06-07,AR,"Thistledown Farms",27404,2026-07-22,2026-07-25,45,AR-00142,ledger-ar
LG-0238,2026-06-07,AR,"Norwood Textiles",11779,2026-07-22,2026-07-22,45,AR-00238,ledger-ar
LG-0478,2026-06-07,AP,"Ormsby Maintenance",16985,2026-07-07,2026-07-07,30,AP-00478,ledger-ap
LG-0202,2026-06-08,AR,"Quarry Lane Metals",19774,2026-07-08,2026-07-07,30,AR-00202,ledger-ar
LG-0226,2026-06-09,AR,"Braddock Tooling",13360,2026-07-09,2026-07-09,30,AR-00226,ledger-ar
LG-0250,2026-06-09,AR,"Fenmore Aggregates",11092,2026-07-09,2026-07-09,30,AR-00250,ledger-ar
LG-0298,2026-06-09,AR,"Wexley Plastics",6027,2026-07-09,2026-07-16,30,AR-00298,ledger-ar
LG-0322,2026-06-09,AR,"Halcyon Optics",5800,2026-07-09,2026-07-21,30,AR-00322,ledger-ar
LG-0442,2026-06-09,AP,"Sandoval Bearings",37077,2026-07-09,2026-07-09,30,AP-00442,ledger-ap
LG-0058,2026-06-10,AR,"Pell & Hardy",55814,2026-07-10,2026-07-15,30,AR-00058,ledger-ar
LG-0382,2026-06-10,AP,"Prairie Steel Supply",117194,2026-07-25,2026-07-25,45,AP-00382,ledger-ap
LG-0406,2026-06-10,AP,"Dunmore Castings",58934,2026-07-10,2026-07-08,30,AP-00406,ledger-ap
LG-0562,2026-06-10,AP,"Stonepath Insurance",14838,2026-07-10,2026-06-27,30,AP-00562,ledger-ap
LG-0178,2026-06-11,AR,"Holloway Mining",23622,2026-07-11,2026-07-28,30,AR-00178,ledger-ar
LG-0346,2026-06-11,AP,"Halden Transport",64329,2026-07-26,2026-07-26,45,AP-00346,ledger-ap
LG-0514,2026-06-11,AP,"Trellis HR Systems",6593,2026-07-11,2026-07-09,30,AP-00514,ledger-ap
LG-0094,2026-06-12,AR,"Sable Point Marine",44036,2026-07-12,2026-07-13,30,AR-00094,ledger-ar
LG-0154,2026-06-12,AR,"Ellery Chemical",27682,2026-07-12,2026-07-12,30,AR-00154,ledger-ar
LG-0418,2026-06-12,AP,"Whitlock Components",56878,2026-07-12,2026-07-11,30,AP-00418,ledger-ap
LG-0430,2026-06-12,AP,"Ferris Electronics",44583,2026-07-12,2026-06-29,30,AP-00430,ledger-ap
LG-0538,2026-06-12,AP,"Pinehurst Audit",9512,2026-07-27,2026-07-27,45,AP-00538,ledger-ap
LG-0586,2026-06-12,AP,"Aldergate Packaging",22113,2026-07-12,2026-07-12,30,AP-00586,ledger-ap
LG-0011,2026-06-30,AR,"Northwind Logistics",186660,2026-07-30,2026-09-07,30,AR-00011,ledger-ar
LG-0131,2026-07-01,AR,"Marrow Fabrication",32231,2026-08-15,2026-08-20,45,AR-00131,ledger-ar
LG-0203,2026-07-01,AR,"Quarry Lane Metals",15102,2026-07-31,,30,AR-00203,ledger-ar
LG-0167,2026-07-02,AR,"Vantage Precision",20924,2026-08-01,2026-07-31,30,AR-00167,ledger-ar
LG-0335,2026-07-02,AP,"Kestrel Freight",110429,2026-08-16,2026-07-17,45,AP-00335,ledger-ap
LG-0251,2026-07-03,AR,"Fenmore Aggregates",8341,2026-08-02,2026-07-30,30,AR-00251,ledger-ar
LG-0323,2026-07-03,AR,"Halcyon Optics",4568,2026-08-02,2026-08-01,30,AR-00323,ledger-ar
LG-0479,2026-07-03,AP,"Ormsby Maintenance",17268,2026-08-02,2026-07-31,30,AP-00479,ledger-ap
LG-0491,2026-07-03,AP,"Lumen Analytics",8249,2026-08-02,2026-08-02,30,AP-00491,ledger-ap
LG-0023,2026-07-04,AR,"Calder Foods",119340,2026-08-03,2026-08-29,30,AR-00023,ledger-ar
LG-0047,2026-07-04,AR,"Attwater Group",65192,2026-08-03,2026-07-30,30,AR-00047,ledger-ar
LG-0107,2026-07-04,AR,"Ironbridge Rail",41748,2026-08-18,2026-08-16,45,AR-00107,ledger-ar
LG-0143,2026-07-04,AR,"Thistledown Farms",30357,2026-08-18,2026-08-16,45,AR-00143,ledger-ar
LG-0299,2026-07-04,AR,"Wexley Plastics",6223,2026-08-03,2026-08-03,30,AR-00299,ledger-ar
LG-0371,2026-07-04,AP,"Tallow Bay Shipping",39641,2026-08-18,2026-08-18,45,AP-00371,ledger-ap
LG-0383,2026-07-04,AP,"Prairie Steel Supply",94080,2026-08-18,2026-08-17,45,AP-00383,ledger-ap
LG-0083,2026-07-05,AR,"Ridgeway Utilities",38447,2026-08-19,,45,AR-00083,ledger-ar
LG-0155,2026-07-05,AR,"Ellery Chemical",23651,2026-08-04,,30,AR-00155,ledger-ar
LG-0263,2026-07-05,AR,"Larkspur Dairy",8898,2026-08-19,,45,AR-00263,ledger-ar
LG-0419,2026-07-05,AP,"Whitlock Components",45860,2026-08-04,2026-08-03,30,AP-00419,ledger-ap
LG-0527,2026-07-05,AP,"Radley Legal",11436,2026-08-04,2026-08-03,30,AP-00527,ledger-ap
LG-0575,2026-07-05,AP,"Merrick Safety",4494,2026-08-04,2026-08-02,30,AP-00575,ledger-ap
LG-0059,2026-07-06,AR,"Pell & Hardy",55980,2026-08-05,2026-07-31,30,AR-00059,ledger-ar
LG-0071,2026-07-06,AR,"Cortland Manufacturing",41638,2026-08-20,,45,AR-00071,ledger-ar
LG-0275,2026-07-06,AR,"Crestline Motors",8624,2026-08-05,,30,AR-00275,ledger-ar
LG-0311,2026-07-06,AR,"Sturgis Bearing",6034,2026-08-05,2026-08-17,30,AR-00311,ledger-ar
LG-0587,2026-07-06,AP,"Aldergate Packaging",17118,2026-08-05,2026-08-03,30,AP-00587,ledger-ap
LG-0611,2026-07-06,AP,"Hargrave Tooling",11206,2026-08-20,2026-08-21,45,AP-00611,ledger-ap
LG-0623,2026-07-06,AP,"Wren Calibration",5324,2026-08-05,2026-08-05,30,AP-00623,ledger-ap
LG-0035,2026-07-07,AR,"Boreal Systems",74587,2026-08-06,2026-08-07,30,AR-00035,ledger-ar
LG-0443,2026-07-07,AP,"Sandoval Bearings",25251,2026-08-06,2026-08-04,30,AP-00443,ledger-ap
LG-0191,2026-07-08,AR,"Delmar Packaging",17127,2026-08-07,2026-08-09,30,AR-00191,ledger-ar
LG-0215,2026-07-08,AR,"Ashfield Energy",15169,2026-08-07,,30,AR-00215,ledger-ar
LG-0347,2026-07-08,AP,"Halden Transport",55621,2026-08-22,2026-08-24,45,AP-00347,ledger-ap
LG-0395,2026-07-08,AP,"Corvid Alloys",88636,2026-08-22,2026-08-26,45,AP-00395,ledger-ap
LG-0539,2026-07-08,AP,"Pinehurst Audit",7329,2026-08-22,2026-08-20,45,AP-00539,ledger-ap
LG-0563,2026-07-08,AP,"Stonepath Insurance",12134,2026-08-07,2026-08-09,30,AP-00563,ledger-ap
LG-0119,2026-07-09,AR,"Kelvin Process",38856,2026-08-08,2026-08-03,30,AR-00119,ledger-ar
LG-0431,2026-07-09,AP,"Ferris Electronics",36083,2026-08-08,2026-08-10,30,AP-00431,ledger-ap
LG-0467,2026-07-09,AP,"Bluepeak Energy",22317,2026-08-08,2026-08-08,30,AP-00467,ledger-ap
LG-0095,2026-07-10,AR,"Sable Point Marine",33983,2026-08-09,,30,AR-00095,ledger-ar
LG-0227,2026-07-10,AR,"Braddock Tooling",12510,2026-08-09,2026-08-27,30,AR-00227,ledger-ar
LG-0239,2026-07-10,AR,"Norwood Textiles",11669,2026-08-24,,45,AR-00239,ledger-ar
LG-0407,2026-07-10,AP,"Dunmore Castings",57281,2026-08-09,2026-08-09,30,AP-00407,ledger-ap
LG-0503,2026-07-10,AP,"Cindermill Cloud",12618,2026-08-09,2026-08-09,30,AP-00503,ledger-ap
LG-0515,2026-07-10,AP,"Trellis HR Systems",5986,2026-08-09,2026-08-12,30,AP-00515,ledger-ap
LG-0455,2026-07-11,AP,"Grantham Facilities",25131,2026-08-10,2026-08-09,30,AP-00455,ledger-ap
LG-0551,2026-07-11,AP,"Kavanagh Consulting",5250,2026-08-10,2026-08-13,30,AP-00551,ledger-ap
LG-0179,2026-07-12,AR,"Holloway Mining",18952,2026-08-11,2026-08-11,30,AR-00179,ledger-ar
LG-0287,2026-07-12,AR,"Oakhurst Timber",7366,2026-08-26,2026-08-24,45,AR-00287,ledger-ar
LG-0359,2026-07-12,AP,"Verity Carriers",48268,2026-08-26,2026-08-24,45,AP-00359,ledger-ap
LG-0599,2026-07-12,AP,"Cobblestone Print",4387,2026-08-11,2026-08-09,30,AP-00599,ledger-ap
LG-0012,2026-07-30,AR,"Northwind Logistics",195810,2026-08-29,2026-10-05,30,AR-00012,ledger-ar
LG-0132,2026-07-31,AR,"Marrow Fabrication",28537,2026-09-14,2026-09-21,45,AR-00132,ledger-ar
LG-0144,2026-07-31,AR,"Thistledown Farms",27697,2026-09-14,,45,AR-00144,ledger-ar
LG-0168,2026-07-31,AR,"Vantage Precision",26515,2026-08-30,,30,AR-00168,ledger-ar
LG-0204,2026-07-31,AR,"Quarry Lane Metals",15897,2026-08-30,2026-08-29,30,AR-00204,ledger-ar
LG-0048,2026-08-01,AR,"Attwater Group",58507,2026-08-31,2026-09-02,30,AR-00048,ledger-ar
LG-0120,2026-08-01,AR,"Kelvin Process",31373,2026-08-31,,30,AR-00120,ledger-ar
LG-0336,2026-08-01,AP,"Kestrel Freight",112325,2026-09-15,2026-08-18,45,AP-00336,ledger-ap
LG-0072,2026-08-02,AR,"Cortland Manufacturing",47722,2026-09-16,2026-09-17,45,AR-00072,ledger-ar
LG-0456,2026-08-02,AP,"Grantham Facilities",28741,2026-09-01,2026-08-17,30,AP-00456,ledger-ap
LG-0564,2026-08-02,AP,"Stonepath Insurance",13211,2026-09-01,2026-09-01,30,AP-00564,ledger-ap
LG-0612,2026-08-02,AP,"Hargrave Tooling",15135,2026-09-16,2026-09-16,45,AP-00612,ledger-ap
LG-0024,2026-08-03,AR,"Calder Foods",125190,2026-09-02,2026-09-25,30,AR-00024,ledger-ar
LG-0084,2026-08-03,AR,"Ridgeway Utilities",46442,2026-09-17,,45,AR-00084,ledger-ar
LG-0192,2026-08-03,AR,"Delmar Packaging",16246,2026-09-02,2026-08-29,30,AR-00192,ledger-ar
LG-0276,2026-08-03,AR,"Crestline Motors",6595,2026-09-02,,30,AR-00276,ledger-ar
LG-0408,2026-08-03,AP,"Dunmore Castings",53545,2026-09-02,,30,AP-00408,ledger-ap
LG-0444,2026-08-03,AP,"Sandoval Bearings",34264,2026-09-02,,30,AP-00444,ledger-ap
LG-0540,2026-08-03,AP,"Pinehurst Audit",7263,2026-09-17,2026-09-15,45,AP-00540,ledger-ap
LG-0624,2026-08-03,AP,"Wren Calibration",5814,2026-09-02,2026-09-03,30,AP-00624,ledger-ap
LG-0180,2026-08-04,AR,"Holloway Mining",17324,2026-09-03,,30,AR-00180,ledger-ar
LG-0216,2026-08-04,AR,"Ashfield Energy",15223,2026-09-03,2026-09-03,30,AR-00216,ledger-ar
LG-0384,2026-08-04,AP,"Prairie Steel Supply",93608,2026-09-18,2026-09-18,45,AP-00384,ledger-ap
LG-0492,2026-08-04,AP,"Lumen Analytics",8430,2026-09-03,,30,AP-00492,ledger-ap
LG-0156,2026-08-05,AR,"Ellery Chemical",25079,2026-09-04,2026-09-01,30,AR-00156,ledger-ar
LG-0228,2026-08-05,AR,"Braddock Tooling",13688,2026-09-04,,30,AR-00228,ledger-ar
LG-0252,2026-08-05,AR,"Fenmore Aggregates",9029,2026-09-04,2026-09-11,30,AR-00252,ledger-ar
LG-0432,2026-08-05,AP,"Ferris Electronics",39284,2026-09-04,2026-08-23,30,AP-00432,ledger-ap
LG-0480,2026-08-05,AP,"Ormsby Maintenance",17546,2026-09-04,2026-09-02,30,AP-00480,ledger-ap
LG-0516,2026-08-05,AP,"Trellis HR Systems",6246,2026-09-04,,30,AP-00516,ledger-ap
LG-0036,2026-08-06,AR,"Boreal Systems",79373,2026-09-05,,30,AR-00036,ledger-ar
LG-0240,2026-08-06,AR,"Norwood Textiles",11687,2026-09-20,,45,AR-00240,ledger-ar
LG-0468,2026-08-06,AP,"Bluepeak Energy",23163,2026-09-05,2026-09-05,30,AP-00468,ledger-ap
LG-0588,2026-08-06,AP,"Aldergate Packaging",19281,2026-09-05,,30,AP-00588,ledger-ap
LG-0096,2026-08-07,AR,"Sable Point Marine",44154,2026-09-06,2026-09-03,30,AR-00096,ledger-ar
LG-0108,2026-08-07,AR,"Ironbridge Rail",40161,2026-09-21,2026-09-21,45,AR-00108,ledger-ar
LG-0300,2026-08-07,AR,"Wexley Plastics",6528,2026-09-06,,30,AR-00300,ledger-ar
LG-0348,2026-08-07,AP,"Halden Transport",68578,2026-09-21,,45,AP-00348,ledger-ap
LG-0552,2026-08-07,AP,"Kavanagh Consulting",6568,2026-09-06,,30,AP-00552,ledger-ap
LG-0576,2026-08-07,AP,"Merrick Safety",4531,2026-09-06,,30,AP-00576,ledger-ap
LG-0060,2026-08-08,AR,"Pell & Hardy",58424,2026-09-07,2026-09-11,30,AR-00060,ledger-ar
LG-0528,2026-08-08,AP,"Radley Legal",10273,2026-09-07,2026-09-06,30,AP-00528,ledger-ap
LG-0264,2026-08-09,AR,"Larkspur Dairy",7639,2026-09-23,,45,AR-00264,ledger-ar
LG-0288,2026-08-09,AR,"Oakhurst Timber",8086,2026-09-23,2026-09-24,45,AR-00288,ledger-ar
LG-0420,2026-08-09,AP,"Whitlock Components",51306,2026-09-08,2026-09-11,30,AP-00420,ledger-ap
LG-0324,2026-08-10,AR,"Halcyon Optics",5653,2026-09-09,2026-09-13,30,AR-00324,ledger-ar
LG-0360,2026-08-10,AP,"Verity Carriers",60419,2026-09-24,2026-09-23,45,AP-00360,ledger-ap
LG-0504,2026-08-10,AP,"Cindermill Cloud",12415,2026-09-09,2026-09-09,30,AP-00504,ledger-ap
LG-0312,2026-08-11,AR,"Sturgis Bearing",6700,2026-09-10,2026-09-17,30,AR-00312,ledger-ar
LG-0372,2026-08-11,AP,"Tallow Bay Shipping",41032,2026-09-25,2026-09-24,45,AP-00372,ledger-ap
LG-0396,2026-08-11,AP,"Corvid Alloys",94574,2026-09-25,2026-09-29,45,AP-00396,ledger-ap
LG-0600,2026-08-11,AP,"Cobblestone Print",4205,2026-09-10,2026-09-10,30,AP-00600,ledger-ap
